"Entity DCID","Entity properties isoCode","Entity properties name","Variable DCID","Variable observation date","Variable observation metadata importName","Variable observation metadata provenanceUrl","Variable observation metadata scalingFactor","Variable observation metadata unit","Variable observation metadata unitDisplayName","Variable observation value","Variable properties name"
"geoId/24021","","Frederick County","Count_Person_Employed","1990-01","BLS_LAUS","https://www.bls.gov/lau/","","","",79520,"Population With Current Employment"
"geoId/24021","","Frederick County","Count_Person_Employed","1990-02","BLS_LAUS","https://www.bls.gov/lau/","","","",79486,"Population With Current Employment"
"geoId/24021","","Frederick County","Count_Person_Employed","1990-03","BLS_LAUS","https://www.bls.gov/lau/","","","",79884,"Population With Current Employment"
"geoId/24021","","Frederick County","Count_Person_Employed","1990-04","BLS_LAUS","https://www.bls.gov/lau/","","","",79605,"Population With Current Employment"
"geoId/24021","","Frederick County","Count_Person_Employed","1990-05","BLS_LAUS","https://www.bls.gov/lau/","","","",80114,"Population With Current Employment"
"geoId/24021","","Frederick County","Count_Person_Employed","1990-06","BLS_LAUS","https://www.bls.gov/lau/","","","",81336,"Population With Current Employment"
"geoId/24021","","Frederick County","Count_Person_Employed","1990-07","BLS_LAUS","https://www.bls.gov/lau/","","","",82226,"Population With Current Employment"
"geoId/24021","","Frederick County","Count_Person_Employed","1990-08","BLS_LAUS","https://www.bls.gov/lau/","","","",80967,"Population With Current Employment"
"geoId/24021","","Frederick County","Count_Person_Employed","1990-09","BLS_LAUS","https://www.bls.gov/lau/","","","",80356,"Population With Current Employment"
"geoId/24021","","Frederick County","Count_Person_Employed","1990-10","BLS_LAUS","https://www.bls.gov/lau/","","","",80401,"Population With Current Employment"
"geoId/24021","","Frederick County","Count_Person_Employed","1990-11","BLS_LAUS","https://www.bls.gov/lau/","","","",79725,"Population With Current Employment"
"geoId/24021","","Frederick County","Count_Person_Employed","1990-12","BLS_LAUS","https://www.bls.gov/lau/","","","",79718,"Population With Current Employment"
"geoId/24021","","Frederick County","Count_Person_Employed","1991-01","BLS_LAUS","https://www.bls.gov/lau/","","","",80114,"Population With Current Employment"
"geoId/24021","","Frederick County","Count_Person_Employed","1991-02","BLS_LAUS","https://www.bls.gov/lau/","","","",80027,"Population With Current Employment"
"geoId/24021","","Frederick County","Count_Person_Employed","1991-03","BLS_LAUS","https://www.bls.gov/lau/","","","",80729,"Population With Current Employment"
"geoId/24021","","Frederick County","Count_Person_Employed","1991-04","BLS_LAUS","https://www.bls.gov/lau/","","","",80861,"Population With Current Employment"
"geoId/24021","","Frederick County","Count_Person_Employed","1991-05","BLS_LAUS","https://www.bls.gov/lau/","","","",80881,"Population With Current Employment"
"geoId/24021","","Frederick County","Count_Person_Employed","1991-06","BLS_LAUS","https://www.bls.gov/lau/","","","",82125,"Population With Current Employment"
"geoId/24021","","Frederick County","Count_Person_Employed","1991-07","BLS_LAUS","https://www.bls.gov/lau/","","","",83182,"Population With Current Employment"
"geoId/24021","","Frederick County","Count_Person_Employed","1991-08","BLS_LAUS","https://www.bls.gov/lau/","","","",82311,"Population With Current Employment"
"geoId/24021","","Frederick County","Count_Person_Employed","1991-09","BLS_LAUS","https://www.bls.gov/lau/","","","",82191,"Population With Current Employment"
"geoId/24021","","Frederick County","Count_Person_Employed","1991-10","BLS_LAUS","https://www.bls.gov/lau/","","","",82151,"Population With Current Employment"
"geoId/24021","","Frederick County","Count_Person_Employed","1991-11","BLS_LAUS","https://www.bls.gov/lau/","","","",82029,"Population With Current Employment"
"geoId/24021","","Frederick County","Count_Person_Employed","1991-12","BLS_LAUS","https://www.bls.gov/lau/","","","",81911,"Population With Current Employment"
"geoId/24021","","Frederick County","Count_Person_Employed","1992-01","BLS_LAUS","https://www.bls.gov/lau/","","","",82885,"Population With Current Employment"
"geoId/24021","","Frederick County","Count_Person_Employed","1992-02","BLS_LAUS","https://www.bls.gov/lau/","","","",82515,"Population With Current Employment"
"geoId/24021","","Frederick County","Count_Person_Employed","1992-03","BLS_LAUS","https://www.bls.gov/lau/","","","",83315,"Population With Current Employment"
"geoId/24021","","Frederick County","Count_Person_Employed","1992-04","BLS_LAUS","https://www.bls.gov/lau/","","","",83629,"Population With Current Employment"
"geoId/24021","","Frederick County","Count_Person_Employed","1992-05","BLS_LAUS","https://www.bls.gov/lau/","","","",83922,"Population With Current Employment"
"geoId/24021","","Frederick County","Count_Person_Employed","1992-06","BLS_LAUS","https://www.bls.gov/lau/","","","",85075,"Population With Current Employment"
"geoId/24021","","Frederick County","Count_Person_Employed","1992-07","BLS_LAUS","https://www.bls.gov/lau/","","","",86082,"Population With Current Employment"
"geoId/24021","","Frederick County","Count_Person_Employed","1992-08","BLS_LAUS","https://www.bls.gov/lau/","","","",84693,"Population With Current Employment"
"geoId/24021","","Frederick County","Count_Person_Employed","1992-09","BLS_LAUS","https://www.bls.gov/lau/","","","",84252,"Population With Current Employment"
"geoId/24021","","Frederick County","Count_Person_Employed","1992-10","BLS_LAUS","https://www.bls.gov/lau/","","","",84197,"Population With Current Employment"
"geoId/24021","","Frederick County","Count_Person_Employed","1992-11","BLS_LAUS","https://www.bls.gov/lau/","","","",84269,"Population With Current Employment"
"geoId/24021","","Frederick County","Count_Person_Employed","1992-12","BLS_LAUS","https://www.bls.gov/lau/","","","",84504,"Population With Current Employment"
"geoId/24021","","Frederick County","Count_Person_Employed","1993-01","BLS_LAUS","https://www.bls.gov/lau/","","","",84902,"Population With Current Employment"
"geoId/24021","","Frederick County","Count_Person_Employed","1993-02","BLS_LAUS","https://www.bls.gov/lau/","","","",84732,"Population With Current Employment"
"geoId/24021","","Frederick County","Count_Person_Employed","1993-03","BLS_LAUS","https://www.bls.gov/lau/","","","",85257,"Population With Current Employment"
"geoId/24021","","Frederick County","Count_Person_Employed","1993-04","BLS_LAUS","https://www.bls.gov/lau/","","","",84821,"Population With Current Employment"
"geoId/24021","","Frederick County","Count_Person_Employed","1993-05","BLS_LAUS","https://www.bls.gov/lau/","","","",85638,"Population With Current Employment"
"geoId/24021","","Frederick County","Count_Person_Employed","1993-06","BLS_LAUS","https://www.bls.gov/lau/","","","",86411,"Population With Current Employment"
"geoId/24021","","Frederick County","Count_Person_Employed","1993-07","BLS_LAUS","https://www.bls.gov/lau/","","","",86965,"Population With Current Employment"
"geoId/24021","","Frederick County","Count_Person_Employed","1993-08","BLS_LAUS","https://www.bls.gov/lau/","","","",86230,"Population With Current Employment"
"geoId/24021","","Frederick County","Count_Person_Employed","1993-09","BLS_LAUS","https://www.bls.gov/lau/","","","",85814,"Population With Current Employment"
"geoId/24021","","Frederick County","Count_Person_Employed","1993-10","BLS_LAUS","https://www.bls.gov/lau/","","","",86431,"Population With Current Employment"
"geoId/24021","","Frederick County","Count_Person_Employed","1993-11","BLS_LAUS","https://www.bls.gov/lau/","","","",86289,"Population With Current Employment"
"geoId/24021","","Frederick County","Count_Person_Employed","1993-12","BLS_LAUS","https://www.bls.gov/lau/","","","",86153,"Population With Current Employment"
"geoId/24021","","Frederick County","Count_Person_Employed","1994-01","BLS_LAUS","https://www.bls.gov/lau/","","","",89145,"Population With Current Employment"
"geoId/24021","","Frederick County","Count_Person_Employed","1994-02","BLS_LAUS","https://www.bls.gov/lau/","","","",89215,"Population With Current Employment"
"geoId/24021","","Frederick County","Count_Person_Employed","1994-03","BLS_LAUS","https://www.bls.gov/lau/","","","",89462,"Population With Current Employment"
"geoId/24021","","Frederick County","Count_Person_Employed","1994-04","BLS_LAUS","https://www.bls.gov/lau/","","","",89442,"Population With Current Employment"
"geoId/24021","","Frederick County","Count_Person_Employed","1994-05","BLS_LAUS","https://www.bls.gov/lau/","","","",90127,"Population With Current Employment"
"geoId/24021","","Frederick County","Count_Person_Employed","1994-06","BLS_LAUS","https://www.bls.gov/lau/","","","",90607,"Population With Current Employment"
"geoId/24021","","Frederick County","Count_Person_Employed","1994-07","BLS_LAUS","https://www.bls.gov/lau/","","","",91457,"Population With Current Employment"
"geoId/24021","","Frederick County","Count_Person_Employed","1994-08","BLS_LAUS","https://www.bls.gov/lau/","","","",90545,"Population With Current Employment"
"geoId/24021","","Frederick County","Count_Person_Employed","1994-09","BLS_LAUS","https://www.bls.gov/lau/","","","",90220,"Population With Current Employment"
"geoId/24021","","Frederick County","Count_Person_Employed","1994-10","BLS_LAUS","https://www.bls.gov/lau/","","","",91360,"Population With Current Employment"
"geoId/24021","","Frederick County","Count_Person_Employed","1994-11","BLS_LAUS","https://www.bls.gov/lau/","","","",91305,"Population With Current Employment"
"geoId/24021","","Frederick County","Count_Person_Employed","1994-12","BLS_LAUS","https://www.bls.gov/lau/","","","",91283,"Population With Current Employment"
"geoId/24021","","Frederick County","Count_Person_Employed","1995-01","BLS_LAUS","https://www.bls.gov/lau/","","","",91619,"Population With Current Employment"
"geoId/24021","","Frederick County","Count_Person_Employed","1995-02","BLS_LAUS","https://www.bls.gov/lau/","","","",91722,"Population With Current Employment"
"geoId/24021","","Frederick County","Count_Person_Employed","1995-03","BLS_LAUS","https://www.bls.gov/lau/","","","",92371,"Population With Current Employment"
"geoId/24021","","Frederick County","Count_Person_Employed","1995-04","BLS_LAUS","https://www.bls.gov/lau/","","","",92231,"Population With Current Employment"
"geoId/24021","","Frederick County","Count_Person_Employed","1995-05","BLS_LAUS","https://www.bls.gov/lau/","","","",92201,"Population With Current Employment"
"geoId/24021","","Frederick County","Count_Person_Employed","1995-06","BLS_LAUS","https://www.bls.gov/lau/","","","",92937,"Population With Current Employment"
"geoId/24021","","Frederick County","Count_Person_Employed","1995-07","BLS_LAUS","https://www.bls.gov/lau/","","","",94369,"Population With Current Employment"
"geoId/24021","","Frederick County","Count_Person_Employed","1995-08","BLS_LAUS","https://www.bls.gov/lau/","","","",92803,"Population With Current Employment"
"geoId/24021","","Frederick County","Count_Person_Employed","1995-09","BLS_LAUS","https://www.bls.gov/lau/","","","",92462,"Population With Current Employment"
"geoId/24021","","Frederick County","Count_Person_Employed","1995-10","BLS_LAUS","https://www.bls.gov/lau/","","","",93105,"Population With Current Employment"
"geoId/24021","","Frederick County","Count_Person_Employed","1995-11","BLS_LAUS","https://www.bls.gov/lau/","","","",92689,"Population With Current Employment"
"geoId/24021","","Frederick County","Count_Person_Employed","1995-12","BLS_LAUS","https://www.bls.gov/lau/","","","",92639,"Population With Current Employment"
"geoId/24021","","Frederick County","Count_Person_Employed","1996-01","BLS_LAUS","https://www.bls.gov/lau/","","","",92512,"Population With Current Employment"
"geoId/24021","","Frederick County","Count_Person_Employed","1996-02","BLS_LAUS","https://www.bls.gov/lau/","","","",92735,"Population With Current Employment"
"geoId/24021","","Frederick County","Count_Person_Employed","1996-03","BLS_LAUS","https://www.bls.gov/lau/","","","",93520,"Population With Current Employment"
"geoId/24021","","Frederick County","Count_Person_Employed","1996-04","BLS_LAUS","https://www.bls.gov/lau/","","","",93141,"Population With Current Employment"
"geoId/24021","","Frederick County","Count_Person_Employed","1996-05","BLS_LAUS","https://www.bls.gov/lau/","","","",93610,"Population With Current Employment"
"geoId/24021","","Frederick County","Count_Person_Employed","1996-06","BLS_LAUS","https://www.bls.gov/lau/","","","",94774,"Population With Current Employment"
"geoId/24021","","Frederick County","Count_Person_Employed","1996-07","BLS_LAUS","https://www.bls.gov/lau/","","","",96169,"Population With Current Employment"
"geoId/24021","","Frederick County","Count_Person_Employed","1996-08","BLS_LAUS","https://www.bls.gov/lau/","","","",95054,"Population With Current Employment"
"geoId/24021","","Frederick County","Count_Person_Employed","1996-09","BLS_LAUS","https://www.bls.gov/lau/","","","",94491,"Population With Current Employment"
"geoId/24021","","Frederick County","Count_Person_Employed","1996-10","BLS_LAUS","https://www.bls.gov/lau/","","","",94998,"Population With Current Employment"
"geoId/24021","","Frederick County","Count_Person_Employed","1996-11","BLS_LAUS","https://www.bls.gov/lau/","","","",95044,"Population With Current Employment"
"geoId/24021","","Frederick County","Count_Person_Employed","1996-12","BLS_LAUS","https://www.bls.gov/lau/","","","",95034,"Population With Current Employment"
"geoId/24021","","Frederick County","Count_Person_Employed","1997-01","BLS_LAUS","https://www.bls.gov/lau/","","","",94471,"Population With Current Employment"
"geoId/24021","","Frederick County","Count_Person_Employed","1997-02","BLS_LAUS","https://www.bls.gov/lau/","","","",94352,"Population With Current Employment"
"geoId/24021","","Frederick County","Count_Person_Employed","1997-03","BLS_LAUS","https://www.bls.gov/lau/","","","",95505,"Population With Current Employment"
"geoId/24021","","Frederick County","Count_Person_Employed","1997-04","BLS_LAUS","https://www.bls.gov/lau/","","","",94913,"Population With Current Employment"
"geoId/24021","","Frederick County","Count_Person_Employed","1997-05","BLS_LAUS","https://www.bls.gov/lau/","","","",95101,"Population With Current Employment"
"geoId/24021","","Frederick County","Count_Person_Employed","1997-06","BLS_LAUS","https://www.bls.gov/lau/","","","",95729,"Population With Current Employment"
"geoId/24021","","Frederick County","Count_Person_Employed","1997-07","BLS_LAUS","https://www.bls.gov/lau/","","","",97526,"Population With Current Employment"
"geoId/24021","","Frederick County","Count_Person_Employed","1997-08","BLS_LAUS","https://www.bls.gov/lau/","","","",95757,"Population With Current Employment"
"geoId/24021","","Frederick County","Count_Person_Employed","1997-09","BLS_LAUS","https://www.bls.gov/lau/","","","",94937,"Population With Current Employment"
"geoId/24021","","Frederick County","Count_Person_Employed","1997-10","BLS_LAUS","https://www.bls.gov/lau/","","","",95087,"Population With Current Employment"
"geoId/24021","","Frederick County","Count_Person_Employed","1997-11","BLS_LAUS","https://www.bls.gov/lau/","","","",95264,"Population With Current Employment"
"geoId/24021","","Frederick County","Count_Person_Employed","1997-12","BLS_LAUS","https://www.bls.gov/lau/","","","",95359,"Population With Current Employment"
"geoId/24021","","Frederick County","Count_Person_Employed","1998-01","BLS_LAUS","https://www.bls.gov/lau/","","","",95110,"Population With Current Employment"
"geoId/24021","","Frederick County","Count_Person_Employed","1998-02","BLS_LAUS","https://www.bls.gov/lau/","","","",95065,"Population With Current Employment"
"geoId/24021","","Frederick County","Count_Person_Employed","1998-03","BLS_LAUS","https://www.bls.gov/lau/","","","",95982,"Population With Current Employment"
"geoId/24021","","Frederick County","Count_Person_Employed","1998-04","BLS_LAUS","https://www.bls.gov/lau/","","","",95772,"Population With Current Employment"
"geoId/24021","","Frederick County","Count_Person_Employed","1998-05","BLS_LAUS","https://www.bls.gov/lau/","","","",96080,"Population With Current Employment"
"geoId/24021","","Frederick County","Count_Person_Employed","1998-06","BLS_LAUS","https://www.bls.gov/lau/","","","",96816,"Population With Current Employment"
"geoId/24021","","Frederick County","Count_Person_Employed","1998-07","BLS_LAUS","https://www.bls.gov/lau/","","","",98240,"Population With Current Employment"
"geoId/24021","","Frederick County","Count_Person_Employed","1998-08","BLS_LAUS","https://www.bls.gov/lau/","","","",96983,"Population With Current Employment"
"geoId/24021","","Frederick County","Count_Person_Employed","1998-09","BLS_LAUS","https://www.bls.gov/lau/","","","",96448,"Population With Current Employment"
"geoId/24021","","Frederick County","Count_Person_Employed","1998-10","BLS_LAUS","https://www.bls.gov/lau/","","","",97060,"Population With Current Employment"
"geoId/24021","","Frederick County","Count_Person_Employed","1998-11","BLS_LAUS","https://www.bls.gov/lau/","","","",97239,"Population With Current Employment"
"geoId/24021","","Frederick County","Count_Person_Employed","1998-12","BLS_LAUS","https://www.bls.gov/lau/","","","",97802,"Population With Current Employment"
"geoId/24021","","Frederick County","Count_Person_Employed","1999-01","BLS_LAUS","https://www.bls.gov/lau/","","","",97734,"Population With Current Employment"
"geoId/24021","","Frederick County","Count_Person_Employed","1999-02","BLS_LAUS","https://www.bls.gov/lau/","","","",97449,"Population With Current Employment"
"geoId/24021","","Frederick County","Count_Person_Employed","1999-03","BLS_LAUS","https://www.bls.gov/lau/","","","",98224,"Population With Current Employment"
"geoId/24021","","Frederick County","Count_Person_Employed","1999-04","BLS_LAUS","https://www.bls.gov/lau/","","","",97832,"Population With Current Employment"
"geoId/24021","","Frederick County","Count_Person_Employed","1999-05","BLS_LAUS","https://www.bls.gov/lau/","","","",98533,"Population With Current Employment"
"geoId/24021","","Frederick County","Count_Person_Employed","1999-06","BLS_LAUS","https://www.bls.gov/lau/","","","",99291,"Population With Current Employment"
"geoId/24021","","Frederick County","Count_Person_Employed","1999-07","BLS_LAUS","https://www.bls.gov/lau/","","","",100422,"Population With Current Employment"
"geoId/24021","","Frederick County","Count_Person_Employed","1999-08","BLS_LAUS","https://www.bls.gov/lau/","","","",99272,"Population With Current Employment"
"geoId/24021","","Frederick County","Count_Person_Employed","1999-09","BLS_LAUS","https://www.bls.gov/lau/","","","",98984,"Population With Current Employment"
"geoId/24021","","Frederick County","Count_Person_Employed","1999-10","BLS_LAUS","https://www.bls.gov/lau/","","","",99492,"Population With Current Employment"
"geoId/24021","","Frederick County","Count_Person_Employed","1999-11","BLS_LAUS","https://www.bls.gov/lau/","","","",99498,"Population With Current Employment"
"geoId/24021","","Frederick County","Count_Person_Employed","1999-12","BLS_LAUS","https://www.bls.gov/lau/","","","",99758,"Population With Current Employment"
"geoId/24021","","Frederick County","Count_Person_Employed","2000-01","BLS_LAUS","https://www.bls.gov/lau/","","","",105378,"Population With Current Employment"
"geoId/24021","","Frederick County","Count_Person_Employed","2000-02","BLS_LAUS","https://www.bls.gov/lau/","","","",105627,"Population With Current Employment"
"geoId/24021","","Frederick County","Count_Person_Employed","2000-03","BLS_LAUS","https://www.bls.gov/lau/","","","",106367,"Population With Current Employment"
"geoId/24021","","Frederick County","Count_Person_Employed","2000-04","BLS_LAUS","https://www.bls.gov/lau/","","","",105925,"Population With Current Employment"
"geoId/24021","","Frederick County","Count_Person_Employed","2000-05","BLS_LAUS","https://www.bls.gov/lau/","","","",105505,"Population With Current Employment"
"geoId/24021","","Frederick County","Count_Person_Employed","2000-06","BLS_LAUS","https://www.bls.gov/lau/","","","",106868,"Population With Current Employment"
"geoId/24021","","Frederick County","Count_Person_Employed","2000-07","BLS_LAUS","https://www.bls.gov/lau/","","","",107597,"Population With Current Employment"
"geoId/24021","","Frederick County","Count_Person_Employed","2000-08","BLS_LAUS","https://www.bls.gov/lau/","","","",107026,"Population With Current Employment"
"geoId/24021","","Frederick County","Count_Person_Employed","2000-09","BLS_LAUS","https://www.bls.gov/lau/","","","",106504,"Population With Current Employment"
"geoId/24021","","Frederick County","Count_Person_Employed","2000-10","BLS_LAUS","https://www.bls.gov/lau/","","","",107137,"Population With Current Employment"
"geoId/24021","","Frederick County","Count_Person_Employed","2000-11","BLS_LAUS","https://www.bls.gov/lau/","","","",107312,"Population With Current Employment"
"geoId/24021","","Frederick County","Count_Person_Employed","2000-12","BLS_LAUS","https://www.bls.gov/lau/","","","",107662,"Population With Current Employment"
"geoId/24021","","Frederick County","Count_Person_Employed","2001-01","BLS_LAUS","https://www.bls.gov/lau/","","","",107844,"Population With Current Employment"
"geoId/24021","","Frederick County","Count_Person_Employed","2001-02","BLS_LAUS","https://www.bls.gov/lau/","","","",107792,"Population With Current Employment"
"geoId/24021","","Frederick County","Count_Person_Employed","2001-03","BLS_LAUS","https://www.bls.gov/lau/","","","",108387,"Population With Current Employment"
"geoId/24021","","Frederick County","Count_Person_Employed","2001-04","BLS_LAUS","https://www.bls.gov/lau/","","","",107672,"Population With Current Employment"
"geoId/24021","","Frederick County","Count_Person_Employed","2001-05","BLS_LAUS","https://www.bls.gov/lau/","","","",107775,"Population With Current Employment"
"geoId/24021","","Frederick County","Count_Person_Employed","2001-06","BLS_LAUS","https://www.bls.gov/lau/","","","",108634,"Population With Current Employment"
"geoId/24021","","Frederick County","Count_Person_Employed","2001-07","BLS_LAUS","https://www.bls.gov/lau/","","","",109189,"Population With Current Employment"
"geoId/24021","","Frederick County","Count_Person_Employed","2001-08","BLS_LAUS","https://www.bls.gov/lau/","","","",107455,"Population With Current Employment"
"geoId/24021","","Frederick County","Count_Person_Employed","2001-09","BLS_LAUS","https://www.bls.gov/lau/","","","",107584,"Population With Current Employment"
"geoId/24021","","Frederick County","Count_Person_Employed","2001-10","BLS_LAUS","https://www.bls.gov/lau/","","","",108312,"Population With Current Employment"
"geoId/24021","","Frederick County","Count_Person_Employed","2001-11","BLS_LAUS","https://www.bls.gov/lau/","","","",108313,"Population With Current Employment"
"geoId/24021","","Frederick County","Count_Person_Employed","2001-12","BLS_LAUS","https://www.bls.gov/lau/","","","",108602,"Population With Current Employment"
"geoId/24021","","Frederick County","Count_Person_Employed","2002-01","BLS_LAUS","https://www.bls.gov/lau/","","","",109046,"Population With Current Employment"
"geoId/24021","","Frederick County","Count_Person_Employed","2002-02","BLS_LAUS","https://www.bls.gov/lau/","","","",109746,"Population With Current Employment"
"geoId/24021","","Frederick County","Count_Person_Employed","2002-03","BLS_LAUS","https://www.bls.gov/lau/","","","",110351,"Population With Current Employment"
"geoId/24021","","Frederick County","Count_Person_Employed","2002-04","BLS_LAUS","https://www.bls.gov/lau/","","","",109980,"Population With Current Employment"
"geoId/24021","","Frederick County","Count_Person_Employed","2002-05","BLS_LAUS","https://www.bls.gov/lau/","","","",110332,"Population With Current Employment"
"geoId/24021","","Frederick County","Count_Person_Employed","2002-06","BLS_LAUS","https://www.bls.gov/lau/","","","",111199,"Population With Current Employment"
"geoId/24021","","Frederick County","Count_Person_Employed","2002-07","BLS_LAUS","https://www.bls.gov/lau/","","","",112514,"Population With Current Employment"
"geoId/24021","","Frederick County","Count_Person_Employed","2002-08","BLS_LAUS","https://www.bls.gov/lau/","","","",111682,"Population With Current Employment"
"geoId/24021","","Frederick County","Count_Person_Employed","2002-09","BLS_LAUS","https://www.bls.gov/lau/","","","",111336,"Population With Current Employment"
"geoId/24021","","Frederick County","Count_Person_Employed","2002-10","BLS_LAUS","https://www.bls.gov/lau/","","","",111304,"Population With Current Employment"
"geoId/24021","","Frederick County","Count_Person_Employed","2002-11","BLS_LAUS","https://www.bls.gov/lau/","","","",110763,"Population With Current Employment"
"geoId/24021","","Frederick County","Count_Person_Employed","2002-12","BLS_LAUS","https://www.bls.gov/lau/","","","",110780,"Population With Current Employment"
"geoId/24021","","Frederick County","Count_Person_Employed","2003-01","BLS_LAUS","https://www.bls.gov/lau/","","","",111592,"Population With Current Employment"
"geoId/24021","","Frederick County","Count_Person_Employed","2003-02","BLS_LAUS","https://www.bls.gov/lau/","","","",110885,"Population With Current Employment"
"geoId/24021","","Frederick County","Count_Person_Employed","2003-03","BLS_LAUS","https://www.bls.gov/lau/","","","",111585,"Population With Current Employment"
"geoId/24021","","Frederick County","Count_Person_Employed","2003-04","BLS_LAUS","https://www.bls.gov/lau/","","","",111829,"Population With Current Employment"
"geoId/24021","","Frederick County","Count_Person_Employed","2003-05","BLS_LAUS","https://www.bls.gov/lau/","","","",111638,"Population With Current Employment"
"geoId/24021","","Frederick County","Count_Person_Employed","2003-06","BLS_LAUS","https://www.bls.gov/lau/","","","",113216,"Population With Current Employment"
"geoId/24021","","Frederick County","Count_Person_Employed","2003-07","BLS_LAUS","https://www.bls.gov/lau/","","","",114305,"Population With Current Employment"
"geoId/24021","","Frederick County","Count_Person_Employed","2003-08","BLS_LAUS","https://www.bls.gov/lau/","","","",112818,"Population With Current Employment"
"geoId/24021","","Frederick County","Count_Person_Employed","2003-09","BLS_LAUS","https://www.bls.gov/lau/","","","",111631,"Population With Current Employment"
"geoId/24021","","Frederick County","Count_Person_Employed","2003-10","BLS_LAUS","https://www.bls.gov/lau/","","","",112255,"Population With Current Employment"
"geoId/24021","","Frederick County","Count_Person_Employed","2003-11","BLS_LAUS","https://www.bls.gov/lau/","","","",112312,"Population With Current Employment"
"geoId/24021","","Frederick County","Count_Person_Employed","2003-12","BLS_LAUS","https://www.bls.gov/lau/","","","",112178,"Population With Current Employment"
"geoId/24021","","Frederick County","Count_Person_Employed","2004-01","BLS_LAUS","https://www.bls.gov/lau/","","","",112550,"Population With Current Employment"
"geoId/24021","","Frederick County","Count_Person_Employed","2004-02","BLS_LAUS","https://www.bls.gov/lau/","","","",112236,"Population With Current Employment"
"geoId/24021","","Frederick County","Count_Person_Employed","2004-03","BLS_LAUS","https://www.bls.gov/lau/","","","",112703,"Population With Current Employment"
"geoId/24021","","Frederick County","Count_Person_Employed","2004-04","BLS_LAUS","https://www.bls.gov/lau/","","","",112464,"Population With Current Employment"
"geoId/24021","","Frederick County","Count_Person_Employed","2004-05","BLS_LAUS","https://www.bls.gov/lau/","","","",112622,"Population With Current Employment"
"geoId/24021","","Frederick County","Count_Person_Employed","2004-06","BLS_LAUS","https://www.bls.gov/lau/","","","",113368,"Population With Current Employment"
"geoId/24021","","Frederick County","Count_Person_Employed","2004-07","BLS_LAUS","https://www.bls.gov/lau/","","","",115216,"Population With Current Employment"
"geoId/24021","","Frederick County","Count_Person_Employed","2004-08","BLS_LAUS","https://www.bls.gov/lau/","","","",114013,"Population With Current Employment"
"geoId/24021","","Frederick County","Count_Person_Employed","2004-09","BLS_LAUS","https://www.bls.gov/lau/","","","",113339,"Population With Current Employment"
"geoId/24021","","Frederick County","Count_Person_Employed","2004-10","BLS_LAUS","https://www.bls.gov/lau/","","","",114333,"Population With Current Employment"
"geoId/24021","","Frederick County","Count_Person_Employed","2004-11","BLS_LAUS","https://www.bls.gov/lau/","","","",114376,"Population With Current Employment"
"geoId/24021","","Frederick County","Count_Person_Employed","2004-12","BLS_LAUS","https://www.bls.gov/lau/","","","",114221,"Population With Current Employment"
"geoId/24021","","Frederick County","Count_Person_Employed","2005-01","BLS_LAUS","https://www.bls.gov/lau/","","","",114444,"Population With Current Employment"
"geoId/24021","","Frederick County","Count_Person_Employed","2005-02","BLS_LAUS","https://www.bls.gov/lau/","","","",114164,"Population With Current Employment"
"geoId/24021","","Frederick County","Count_Person_Employed","2005-03","BLS_LAUS","https://www.bls.gov/lau/","","","",114942,"Population With Current Employment"
"geoId/24021","","Frederick County","Count_Person_Employed","2005-04","BLS_LAUS","https://www.bls.gov/lau/","","","",115351,"Population With Current Employment"
"geoId/24021","","Frederick County","Count_Person_Employed","2005-05","BLS_LAUS","https://www.bls.gov/lau/","","","",115874,"Population With Current Employment"
"geoId/24021","","Frederick County","Count_Person_Employed","2005-06","BLS_LAUS","https://www.bls.gov/lau/","","","",117185,"Population With Current Employment"
"geoId/24021","","Frederick County","Count_Person_Employed","2005-07","BLS_LAUS","https://www.bls.gov/lau/","","","",118413,"Population With Current Employment"
"geoId/24021","","Frederick County","Count_Person_Employed","2005-08","BLS_LAUS","https://www.bls.gov/lau/","","","",117425,"Population With Current Employment"
"geoId/24021","","Frederick County","Count_Person_Employed","2005-09","BLS_LAUS","https://www.bls.gov/lau/","","","",116556,"Population With Current Employment"
"geoId/24021","","Frederick County","Count_Person_Employed","2005-10","BLS_LAUS","https://www.bls.gov/lau/","","","",117565,"Population With Current Employment"
"geoId/24021","","Frederick County","Count_Person_Employed","2005-11","BLS_LAUS","https://www.bls.gov/lau/","","","",117307,"Population With Current Employment"
"geoId/24021","","Frederick County","Count_Person_Employed","2005-12","BLS_LAUS","https://www.bls.gov/lau/","","","",117854,"Population With Current Employment"
"geoId/24021","","Frederick County","Count_Person_Employed","2006-01","BLS_LAUS","https://www.bls.gov/lau/","","","",117879,"Population With Current Employment"
"geoId/24021","","Frederick County","Count_Person_Employed","2006-02","BLS_LAUS","https://www.bls.gov/lau/","","","",117965,"Population With Current Employment"
"geoId/24021","","Frederick County","Count_Person_Employed","2006-03","BLS_LAUS","https://www.bls.gov/lau/","","","",118868,"Population With Current Employment"
"geoId/24021","","Frederick County","Count_Person_Employed","2006-04","BLS_LAUS","https://www.bls.gov/lau/","","","",118514,"Population With Current Employment"
"geoId/24021","","Frederick County","Count_Person_Employed","2006-05","BLS_LAUS","https://www.bls.gov/lau/","","","",118502,"Population With Current Employment"
"geoId/24021","","Frederick County","Count_Person_Employed","2006-06","BLS_LAUS","https://www.bls.gov/lau/","","","",119831,"Population With Current Employment"
"geoId/24021","","Frederick County","Count_Person_Employed","2006-07","BLS_LAUS","https://www.bls.gov/lau/","","","",120999,"Population With Current Employment"
"geoId/24021","","Frederick County","Count_Person_Employed","2006-08","BLS_LAUS","https://www.bls.gov/lau/","","","",119925,"Population With Current Employment"
"geoId/24021","","Frederick County","Count_Person_Employed","2006-09","BLS_LAUS","https://www.bls.gov/lau/","","","",119400,"Population With Current Employment"
"geoId/24021","","Frederick County","Count_Person_Employed","2006-10","BLS_LAUS","https://www.bls.gov/lau/","","","",120128,"Population With Current Employment"
"geoId/24021","","Frederick County","Count_Person_Employed","2006-11","BLS_LAUS","https://www.bls.gov/lau/","","","",120115,"Population With Current Employment"
"geoId/24021","","Frederick County","Count_Person_Employed","2006-12","BLS_LAUS","https://www.bls.gov/lau/","","","",120224,"Population With Current Employment"
"geoId/24021","","Frederick County","Count_Person_Employed","2007-01","BLS_LAUS","https://www.bls.gov/lau/","","","",119894,"Population With Current Employment"
"geoId/24021","","Frederick County","Count_Person_Employed","2007-02","BLS_LAUS","https://www.bls.gov/lau/","","","",119238,"Population With Current Employment"
"geoId/24021","","Frederick County","Count_Person_Employed","2007-03","BLS_LAUS","https://www.bls.gov/lau/","","","",120099,"Population With Current Employment"
"geoId/24021","","Frederick County","Count_Person_Employed","2007-04","BLS_LAUS","https://www.bls.gov/lau/","","","",119558,"Population With Current Employment"
"geoId/24021","","Frederick County","Count_Person_Employed","2007-05","BLS_LAUS","https://www.bls.gov/lau/","","","",119606,"Population With Current Employment"
"geoId/24021","","Frederick County","Count_Person_Employed","2007-06","BLS_LAUS","https://www.bls.gov/lau/","","","",120992,"Population With Current Employment"
"geoId/24021","","Frederick County","Count_Person_Employed","2007-07","BLS_LAUS","https://www.bls.gov/lau/","","","",122608,"Population With Current Employment"
"geoId/24021","","Frederick County","Count_Person_Employed","2007-08","BLS_LAUS","https://www.bls.gov/lau/","","","",120819,"Population With Current Employment"
"geoId/24021","","Frederick County","Count_Person_Employed","2007-09","BLS_LAUS","https://www.bls.gov/lau/","","","",120564,"Population With Current Employment"
"geoId/24021","","Frederick County","Count_Person_Employed","2007-10","BLS_LAUS","https://www.bls.gov/lau/","","","",121186,"Population With Current Employment"
"geoId/24021","","Frederick County","Count_Person_Employed","2007-11","BLS_LAUS","https://www.bls.gov/lau/","","","",121553,"Population With Current Employment"
"geoId/24021","","Frederick County","Count_Person_Employed","2007-12","BLS_LAUS","https://www.bls.gov/lau/","","","",120952,"Population With Current Employment"
"geoId/24021","","Frederick County","Count_Person_Employed","2008-01","BLS_LAUS","https://www.bls.gov/lau/","","","",119152,"Population With Current Employment"
"geoId/24021","","Frederick County","Count_Person_Employed","2008-02","BLS_LAUS","https://www.bls.gov/lau/","","","",118504,"Population With Current Employment"
"geoId/24021","","Frederick County","Count_Person_Employed","2008-03","BLS_LAUS","https://www.bls.gov/lau/","","","",119187,"Population With Current Employment"
"geoId/24021","","Frederick County","Count_Person_Employed","2008-04","BLS_LAUS","https://www.bls.gov/lau/","","","",119874,"Population With Current Employment"
"geoId/24021","","Frederick County","Count_Person_Employed","2008-05","BLS_LAUS","https://www.bls.gov/lau/","","","",119683,"Population With Current Employment"
"geoId/24021","","Frederick County","Count_Person_Employed","2008-06","BLS_LAUS","https://www.bls.gov/lau/","","","",120375,"Population With Current Employment"
"geoId/24021","","Frederick County","Count_Person_Employed","2008-07","BLS_LAUS","https://www.bls.gov/lau/","","","",122133,"Population With Current Employment"
"geoId/24021","","Frederick County","Count_Person_Employed","2008-08","BLS_LAUS","https://www.bls.gov/lau/","","","",120226,"Population With Current Employment"
"geoId/24021","","Frederick County","Count_Person_Employed","2008-09","BLS_LAUS","https://www.bls.gov/lau/","","","",119374,"Population With Current Employment"
"geoId/24021","","Frederick County","Count_Person_Employed","2008-10","BLS_LAUS","https://www.bls.gov/lau/","","","",119648,"Population With Current Employment"
"geoId/24021","","Frederick County","Count_Person_Employed","2008-11","BLS_LAUS","https://www.bls.gov/lau/","","","",119106,"Population With Current Employment"
"geoId/24021","","Frederick County","Count_Person_Employed","2008-12","BLS_LAUS","https://www.bls.gov/lau/","","","",118343,"Population With Current Employment"
"geoId/24021","","Frederick County","Count_Person_Employed","2009-01","BLS_LAUS","https://www.bls.gov/lau/","","","",116449,"Population With Current Employment"
"geoId/24021","","Frederick County","Count_Person_Employed","2009-02","BLS_LAUS","https://www.bls.gov/lau/","","","",115790,"Population With Current Employment"
"geoId/24021","","Frederick County","Count_Person_Employed","2009-03","BLS_LAUS","https://www.bls.gov/lau/","","","",116286,"Population With Current Employment"
"geoId/24021","","Frederick County","Count_Person_Employed","2009-04","BLS_LAUS","https://www.bls.gov/lau/","","","",116365,"Population With Current Employment"
"geoId/24021","","Frederick County","Count_Person_Employed","2009-05","BLS_LAUS","https://www.bls.gov/lau/","","","",115926,"Population With Current Employment"
"geoId/24021","","Frederick County","Count_Person_Employed","2009-06","BLS_LAUS","https://www.bls.gov/lau/","","","",116892,"Population With Current Employment"
"geoId/24021","","Frederick County","Count_Person_Employed","2009-07","BLS_LAUS","https://www.bls.gov/lau/","","","",118431,"Population With Current Employment"
"geoId/24021","","Frederick County","Count_Person_Employed","2009-08","BLS_LAUS","https://www.bls.gov/lau/","","","",116787,"Population With Current Employment"
"geoId/24021","","Frederick County","Count_Person_Employed","2009-09","BLS_LAUS","https://www.bls.gov/lau/","","","",115491,"Population With Current Employment"
"geoId/24021","","Frederick County","Count_Person_Employed","2009-10","BLS_LAUS","https://www.bls.gov/lau/","","","",115686,"Population With Current Employment"
"geoId/24021","","Frederick County","Count_Person_Employed","2009-11","BLS_LAUS","https://www.bls.gov/lau/","","","",116150,"Population With Current Employment"
"geoId/24021","","Frederick County","Count_Person_Employed","2009-12","BLS_LAUS","https://www.bls.gov/lau/","","","",115468,"Population With Current Employment"
"geoId/24021","","Frederick County","Count_Person_Employed","2010-01","BLS_LAUS","https://www.bls.gov/lau/","","","",116667,"Population With Current Employment"
"geoId/24021","","Frederick County","Count_Person_Employed","2010-02","BLS_LAUS","https://www.bls.gov/lau/","","","",116398,"Population With Current Employment"
"geoId/24021","","Frederick County","Count_Person_Employed","2010-03","BLS_LAUS","https://www.bls.gov/lau/","","","",117371,"Population With Current Employment"
"geoId/24021","","Frederick County","Count_Person_Employed","2010-04","BLS_LAUS","https://www.bls.gov/lau/","","","",118652,"Population With Current Employment"
"geoId/24021","","Frederick County","Count_Person_Employed","2010-05","BLS_LAUS","https://www.bls.gov/lau/","","","",118649,"Population With Current Employment"
"geoId/24021","","Frederick County","Count_Person_Employed","2010-06","BLS_LAUS","https://www.bls.gov/lau/","","","",119522,"Population With Current Employment"
"geoId/24021","","Frederick County","Count_Person_Employed","2010-07","BLS_LAUS","https://www.bls.gov/lau/","","","",121399,"Population With Current Employment"
"geoId/24021","","Frederick County","Count_Person_Employed","2010-08","BLS_LAUS","https://www.bls.gov/lau/","","","",119977,"Population With Current Employment"
"geoId/24021","","Frederick County","Count_Person_Employed","2010-09","BLS_LAUS","https://www.bls.gov/lau/","","","",120215,"Population With Current Employment"
"geoId/24021","","Frederick County","Count_Person_Employed","2010-10","BLS_LAUS","https://www.bls.gov/lau/","","","",120101,"Population With Current Employment"
"geoId/24021","","Frederick County","Count_Person_Employed","2010-11","BLS_LAUS","https://www.bls.gov/lau/","","","",119606,"Population With Current Employment"
"geoId/24021","","Frederick County","Count_Person_Employed","2010-12","BLS_LAUS","https://www.bls.gov/lau/","","","",119663,"Population With Current Employment"
"geoId/24021","","Frederick County","Count_Person_Employed","2011-01","BLS_LAUS","https://www.bls.gov/lau/","","","",119391,"Population With Current Employment"
"geoId/24021","","Frederick County","Count_Person_Employed","2011-02","BLS_LAUS","https://www.bls.gov/lau/","","","",119011,"Population With Current Employment"
"geoId/24021","","Frederick County","Count_Person_Employed","2011-03","BLS_LAUS","https://www.bls.gov/lau/","","","",120089,"Population With Current Employment"
"geoId/24021","","Frederick County","Count_Person_Employed","2011-04","BLS_LAUS","https://www.bls.gov/lau/","","","",119625,"Population With Current Employment"
"geoId/24021","","Frederick County","Count_Person_Employed","2011-05","BLS_LAUS","https://www.bls.gov/lau/","","","",119767,"Population With Current Employment"
"geoId/24021","","Frederick County","Count_Person_Employed","2011-06","BLS_LAUS","https://www.bls.gov/lau/","","","",120691,"Population With Current Employment"
"geoId/24021","","Frederick County","Count_Person_Employed","2011-07","BLS_LAUS","https://www.bls.gov/lau/","","","",121950,"Population With Current Employment"
"geoId/24021","","Frederick County","Count_Person_Employed","2011-08","BLS_LAUS","https://www.bls.gov/lau/","","","",120280,"Population With Current Employment"
"geoId/24021","","Frederick County","Count_Person_Employed","2011-09","BLS_LAUS","https://www.bls.gov/lau/","","","",120522,"Population With Current Employment"
"geoId/24021","","Frederick County","Count_Person_Employed","2011-10","BLS_LAUS","https://www.bls.gov/lau/","","","",120796,"Population With Current Employment"
"geoId/24021","","Frederick County","Count_Person_Employed","2011-11","BLS_LAUS","https://www.bls.gov/lau/","","","",120495,"Population With Current Employment"
"geoId/24021","","Frederick County","Count_Person_Employed","2011-12","BLS_LAUS","https://www.bls.gov/lau/","","","",120371,"Population With Current Employment"
"geoId/24021","","Frederick County","Count_Person_Employed","2012-01","BLS_LAUS","https://www.bls.gov/lau/","","","",119060,"Population With Current Employment"
"geoId/24021","","Frederick County","Count_Person_Employed","2012-02","BLS_LAUS","https://www.bls.gov/lau/","","","",119200,"Population With Current Employment"
"geoId/24021","","Frederick County","Count_Person_Employed","2012-03","BLS_LAUS","https://www.bls.gov/lau/","","","",120218,"Population With Current Employment"
"geoId/24021","","Frederick County","Count_Person_Employed","2012-04","BLS_LAUS","https://www.bls.gov/lau/","","","",119806,"Population With Current Employment"
"geoId/24021","","Frederick County","Count_Person_Employed","2012-05","BLS_LAUS","https://www.bls.gov/lau/","","","",120263,"Population With Current Employment"
"geoId/24021","","Frederick County","Count_Person_Employed","2012-06","BLS_LAUS","https://www.bls.gov/lau/","","","",121981,"Population With Current Employment"
"geoId/24021","","Frederick County","Count_Person_Employed","2012-07","BLS_LAUS","https://www.bls.gov/lau/","","","",123414,"Population With Current Employment"
"geoId/24021","","Frederick County","Count_Person_Employed","2012-08","BLS_LAUS","https://www.bls.gov/lau/","","","",121386,"Population With Current Employment"
"geoId/24021","","Frederick County","Count_Person_Employed","2012-09","BLS_LAUS","https://www.bls.gov/lau/","","","",121608,"Population With Current Employment"
"geoId/24021","","Frederick County","Count_Person_Employed","2012-10","BLS_LAUS","https://www.bls.gov/lau/","","","",121921,"Population With Current Employment"
"geoId/24021","","Frederick County","Count_Person_Employed","2012-11","BLS_LAUS","https://www.bls.gov/lau/","","","",121231,"Population With Current Employment"
"geoId/24021","","Frederick County","Count_Person_Employed","2012-12","BLS_LAUS","https://www.bls.gov/lau/","","","",121112,"Population With Current Employment"
"geoId/24021","","Frederick County","Count_Person_Employed","2013-01","BLS_LAUS","https://www.bls.gov/lau/","","","",120429,"Population With Current Employment"
"geoId/24021","","Frederick County","Count_Person_Employed","2013-02","BLS_LAUS","https://www.bls.gov/lau/","","","",120025,"Population With Current Employment"
"geoId/24021","","Frederick County","Count_Person_Employed","2013-03","BLS_LAUS","https://www.bls.gov/lau/","","","",120596,"Population With Current Employment"
"geoId/24021","","Frederick County","Count_Person_Employed","2013-04","BLS_LAUS","https://www.bls.gov/lau/","","","",121004,"Population With Current Employment"
"geoId/24021","","Frederick County","Count_Person_Employed","2013-05","BLS_LAUS","https://www.bls.gov/lau/","","","",121168,"Population With Current Employment"
"geoId/24021","","Frederick County","Count_Person_Employed","2013-06","BLS_LAUS","https://www.bls.gov/lau/","","","",122105,"Population With Current Employment"
"geoId/24021","","Frederick County","Count_Person_Employed","2013-07","BLS_LAUS","https://www.bls.gov/lau/","","","",123484,"Population With Current Employment"
"geoId/24021","","Frederick County","Count_Person_Employed","2013-08","BLS_LAUS","https://www.bls.gov/lau/","","","",121848,"Population With Current Employment"
"geoId/24021","","Frederick County","Count_Person_Employed","2013-09","BLS_LAUS","https://www.bls.gov/lau/","","","",121562,"Population With Current Employment"
"geoId/24021","","Frederick County","Count_Person_Employed","2013-10","BLS_LAUS","https://www.bls.gov/lau/","","","",120329,"Population With Current Employment"
"geoId/24021","","Frederick County","Count_Person_Employed","2013-11","BLS_LAUS","https://www.bls.gov/lau/","","","",120510,"Population With Current Employment"
"geoId/24021","","Frederick County","Count_Person_Employed","2013-12","BLS_LAUS","https://www.bls.gov/lau/","","","",120501,"Population With Current Employment"
"geoId/24021","","Frederick County","Count_Person_Employed","2014-01","BLS_LAUS","https://www.bls.gov/lau/","","","",120752,"Population With Current Employment"
"geoId/24021","","Frederick County","Count_Person_Employed","2014-02","BLS_LAUS","https://www.bls.gov/lau/","","","",120438,"Population With Current Employment"
"geoId/24021","","Frederick County","Count_Person_Employed","2014-03","BLS_LAUS","https://www.bls.gov/lau/","","","",121304,"Population With Current Employment"
"geoId/24021","","Frederick County","Count_Person_Employed","2014-04","BLS_LAUS","https://www.bls.gov/lau/","","","",120949,"Population With Current Employment"
"geoId/24021","","Frederick County","Count_Person_Employed","2014-05","BLS_LAUS","https://www.bls.gov/lau/","","","",121193,"Population With Current Employment"
"geoId/24021","","Frederick County","Count_Person_Employed","2014-06","BLS_LAUS","https://www.bls.gov/lau/","","","",122401,"Population With Current Employment"
"geoId/24021","","Frederick County","Count_Person_Employed","2014-07","BLS_LAUS","https://www.bls.gov/lau/","","","",123126,"Population With Current Employment"
"geoId/24021","","Frederick County","Count_Person_Employed","2014-08","BLS_LAUS","https://www.bls.gov/lau/","","","",121994,"Population With Current Employment"
"geoId/24021","","Frederick County","Count_Person_Employed","2014-09","BLS_LAUS","https://www.bls.gov/lau/","","","",121809,"Population With Current Employment"
"geoId/24021","","Frederick County","Count_Person_Employed","2014-10","BLS_LAUS","https://www.bls.gov/lau/","","","",122257,"Population With Current Employment"
"geoId/24021","","Frederick County","Count_Person_Employed","2014-11","BLS_LAUS","https://www.bls.gov/lau/","","","",121829,"Population With Current Employment"
"geoId/24021","","Frederick County","Count_Person_Employed","2014-12","BLS_LAUS","https://www.bls.gov/lau/","","","",121658,"Population With Current Employment"
"geoId/24021","","Frederick County","Count_Person_Employed","2015-01","BLS_LAUS","https://www.bls.gov/lau/","","","",121867,"Population With Current Employment"
"geoId/24021","","Frederick County","Count_Person_Employed","2015-02","BLS_LAUS","https://www.bls.gov/lau/","","","",121911,"Population With Current Employment"
"geoId/24021","","Frederick County","Count_Person_Employed","2015-03","BLS_LAUS","https://www.bls.gov/lau/","","","",122652,"Population With Current Employment"
"geoId/24021","","Frederick County","Count_Person_Employed","2015-04","BLS_LAUS","https://www.bls.gov/lau/","","","",122828,"Population With Current Employment"
"geoId/24021","","Frederick County","Count_Person_Employed","2015-05","BLS_LAUS","https://www.bls.gov/lau/","","","",122822,"Population With Current Employment"
"geoId/24021","","Frederick County","Count_Person_Employed","2015-06","BLS_LAUS","https://www.bls.gov/lau/","","","",123946,"Population With Current Employment"
"geoId/24021","","Frederick County","Count_Person_Employed","2015-07","BLS_LAUS","https://www.bls.gov/lau/","","","",124271,"Population With Current Employment"
"geoId/24021","","Frederick County","Count_Person_Employed","2015-08","BLS_LAUS","https://www.bls.gov/lau/","","","",122576,"Population With Current Employment"
"geoId/24021","","Frederick County","Count_Person_Employed","2015-09","BLS_LAUS","https://www.bls.gov/lau/","","","",122610,"Population With Current Employment"
"geoId/24021","","Frederick County","Count_Person_Employed","2015-10","BLS_LAUS","https://www.bls.gov/lau/","","","",123190,"Population With Current Employment"
"geoId/24021","","Frederick County","Count_Person_Employed","2015-11","BLS_LAUS","https://www.bls.gov/lau/","","","",122628,"Population With Current Employment"
"geoId/24021","","Frederick County","Count_Person_Employed","2015-12","BLS_LAUS","https://www.bls.gov/lau/","","","",122743,"Population With Current Employment"
"geoId/24021","","Frederick County","Count_Person_Employed","2016-01","BLS_LAUS","https://www.bls.gov/lau/","","","",122555,"Population With Current Employment"
"geoId/24021","","Frederick County","Count_Person_Employed","2016-02","BLS_LAUS","https://www.bls.gov/lau/","","","",122767,"Population With Current Employment"
"geoId/24021","","Frederick County","Count_Person_Employed","2016-03","BLS_LAUS","https://www.bls.gov/lau/","","","",123399,"Population With Current Employment"
"geoId/24021","","Frederick County","Count_Person_Employed","2016-04","BLS_LAUS","https://www.bls.gov/lau/","","","",123501,"Population With Current Employment"
"geoId/24021","","Frederick County","Count_Person_Employed","2016-05","BLS_LAUS","https://www.bls.gov/lau/","","","",123304,"Population With Current Employment"
"geoId/24021","","Frederick County","Count_Person_Employed","2016-06","BLS_LAUS","https://www.bls.gov/lau/","","","",124390,"Population With Current Employment"
"geoId/24021","","Frederick County","Count_Person_Employed","2016-07","BLS_LAUS","https://www.bls.gov/lau/","","","",125341,"Population With Current Employment"
"geoId/24021","","Frederick County","Count_Person_Employed","2016-08","BLS_LAUS","https://www.bls.gov/lau/","","","",123667,"Population With Current Employment"
"geoId/24021","","Frederick County","Count_Person_Employed","2016-09","BLS_LAUS","https://www.bls.gov/lau/","","","",123558,"Population With Current Employment"
"geoId/24021","","Frederick County","Count_Person_Employed","2016-10","BLS_LAUS","https://www.bls.gov/lau/","","","",124242,"Population With Current Employment"
"geoId/24021","","Frederick County","Count_Person_Employed","2016-11","BLS_LAUS","https://www.bls.gov/lau/","","","",123669,"Population With Current Employment"
"geoId/24021","","Frederick County","Count_Person_Employed","2016-12","BLS_LAUS","https://www.bls.gov/lau/","","","",123907,"Population With Current Employment"
"geoId/24021","","Frederick County","Count_Person_Employed","2017-01","BLS_LAUS","https://www.bls.gov/lau/","","","",126609,"Population With Current Employment"
"geoId/24021","","Frederick County","Count_Person_Employed","2017-02","BLS_LAUS","https://www.bls.gov/lau/","","","",126948,"Population With Current Employment"
"geoId/24021","","Frederick County","Count_Person_Employed","2017-03","BLS_LAUS","https://www.bls.gov/lau/","","","",128248,"Population With Current Employment"
"geoId/24021","","Frederick County","Count_Person_Employed","2017-04","BLS_LAUS","https://www.bls.gov/lau/","","","",128080,"Population With Current Employment"
"geoId/24021","","Frederick County","Count_Person_Employed","2017-05","BLS_LAUS","https://www.bls.gov/lau/","","","",127388,"Population With Current Employment"
"geoId/24021","","Frederick County","Count_Person_Employed","2017-06","BLS_LAUS","https://www.bls.gov/lau/","","","",128984,"Population With Current Employment"
"geoId/24021","","Frederick County","Count_Person_Employed","2017-07","BLS_LAUS","https://www.bls.gov/lau/","","","",129710,"Population With Current Employment"
"geoId/24021","","Frederick County","Count_Person_Employed","2017-08","BLS_LAUS","https://www.bls.gov/lau/","","","",127811,"Population With Current Employment"
"geoId/24021","","Frederick County","Count_Person_Employed","2017-09","BLS_LAUS","https://www.bls.gov/lau/","","","",128309,"Population With Current Employment"
"geoId/24021","","Frederick County","Count_Person_Employed","2017-10","BLS_LAUS","https://www.bls.gov/lau/","","","",128346,"Population With Current Employment"
"geoId/24021","","Frederick County","Count_Person_Employed","2017-11","BLS_LAUS","https://www.bls.gov/lau/","","","",127629,"Population With Current Employment"
"geoId/24021","","Frederick County","Count_Person_Employed","2017-12","BLS_LAUS","https://www.bls.gov/lau/","","","",127616,"Population With Current Employment"
"geoId/24021","","Frederick County","Count_Person_Employed","2018-01","BLS_LAUS","https://www.bls.gov/lau/","","","",130217,"Population With Current Employment"
"geoId/24021","","Frederick County","Count_Person_Employed","2018-02","BLS_LAUS","https://www.bls.gov/lau/","","","",130935,"Population With Current Employment"
"geoId/24021","","Frederick County","Count_Person_Employed","2018-03","BLS_LAUS","https://www.bls.gov/lau/","","","",131378,"Population With Current Employment"
"geoId/24021","","Frederick County","Count_Person_Employed","2018-04","BLS_LAUS","https://www.bls.gov/lau/","","","",131221,"Population With Current Employment"
"geoId/24021","","Frederick County","Count_Person_Employed","2018-05","BLS_LAUS","https://www.bls.gov/lau/","","","",130733,"Population With Current Employment"
"geoId/24021","","Frederick County","Count_Person_Employed","2018-06","BLS_LAUS","https://www.bls.gov/lau/","","","",132121,"Population With Current Employment"
"geoId/24021","","Frederick County","Count_Person_Employed","2018-07","BLS_LAUS","https://www.bls.gov/lau/","","","",133427,"Population With Current Employment"
"geoId/24021","","Frederick County","Count_Person_Employed","2018-08","BLS_LAUS","https://www.bls.gov/lau/","","","",131021,"Population With Current Employment"
"geoId/24021","","Frederick County","Count_Person_Employed","2018-09","BLS_LAUS","https://www.bls.gov/lau/","","","",130787,"Population With Current Employment"
"geoId/24021","","Frederick County","Count_Person_Employed","2018-10","BLS_LAUS","https://www.bls.gov/lau/","","","",132014,"Population With Current Employment"
"geoId/24021","","Frederick County","Count_Person_Employed","2018-11","BLS_LAUS","https://www.bls.gov/lau/","","","",131673,"Population With Current Employment"
"geoId/24021","","Frederick County","Count_Person_Employed","2018-12","BLS_LAUS","https://www.bls.gov/lau/","","","",132190,"Population With Current Employment"
"geoId/24021","","Frederick County","Count_Person_Employed","2019-01","BLS_LAUS","https://www.bls.gov/lau/","","","",134895,"Population With Current Employment"
"geoId/24021","","Frederick County","Count_Person_Employed","2019-02","BLS_LAUS","https://www.bls.gov/lau/","","","",135274,"Population With Current Employment"
"geoId/24021","","Frederick County","Count_Person_Employed","2019-03","BLS_LAUS","https://www.bls.gov/lau/","","","",135931,"Population With Current Employment"
"geoId/24021","","Frederick County","Count_Person_Employed","2019-04","BLS_LAUS","https://www.bls.gov/lau/","","","",136021,"Population With Current Employment"
"geoId/24021","","Frederick County","Count_Person_Employed","2019-05","BLS_LAUS","https://www.bls.gov/lau/","","","",135808,"Population With Current Employment"
"geoId/24021","","Frederick County","Count_Person_Employed","2019-06","BLS_LAUS","https://www.bls.gov/lau/","","","",137349,"Population With Current Employment"
"geoId/24021","","Frederick County","Count_Person_Employed","2019-07","BLS_LAUS","https://www.bls.gov/lau/","","","",138766,"Population With Current Employment"
"geoId/24021","","Frederick County","Count_Person_Employed","2019-08","BLS_LAUS","https://www.bls.gov/lau/","","","",137057,"Population With Current Employment"
"geoId/24021","","Frederick County","Count_Person_Employed","2019-09","BLS_LAUS","https://www.bls.gov/lau/","","","",136853,"Population With Current Employment"
"geoId/24021","","Frederick County","Count_Person_Employed","2019-10","BLS_LAUS","https://www.bls.gov/lau/","","","",137417,"Population With Current Employment"
"geoId/24021","","Frederick County","Count_Person_Employed","2019-11","BLS_LAUS","https://www.bls.gov/lau/","","","",137092,"Population With Current Employment"
"geoId/24021","","Frederick County","Count_Person_Employed","2019-12","BLS_LAUS","https://www.bls.gov/lau/","","","",137364,"Population With Current Employment"
"geoId/24021","","Frederick County","Count_Person_Employed","2020-01","BLS_LAUS","https://www.bls.gov/lau/","","","",140552,"Population With Current Employment"
"geoId/24021","","Frederick County","Count_Person_Employed","2020-02","BLS_LAUS","https://www.bls.gov/lau/","","","",140744,"Population With Current Employment"
"geoId/24021","","Frederick County","Count_Person_Employed","2020-03","BLS_LAUS","https://www.bls.gov/lau/","","","",139142,"Population With Current Employment"
"geoId/24021","","Frederick County","Count_Person_Employed","2020-04","BLS_LAUS","https://www.bls.gov/lau/","","","",126052,"Population With Current Employment"
"geoId/24021","","Frederick County","Count_Person_Employed","2020-05","BLS_LAUS","https://www.bls.gov/lau/","","","",124610,"Population With Current Employment"
"geoId/24021","","Frederick County","Count_Person_Employed","2020-06","BLS_LAUS","https://www.bls.gov/lau/","","","",125880,"Population With Current Employment"
"geoId/24021","","Frederick County","Count_Person_Employed","2020-07","BLS_LAUS","https://www.bls.gov/lau/","","","",127583,"Population With Current Employment"
"geoId/24021","","Frederick County","Count_Person_Employed","2020-08","BLS_LAUS","https://www.bls.gov/lau/","","","",128175,"Population With Current Employment"
"geoId/24021","","Frederick County","Count_Person_Employed","2020-09","BLS_LAUS","https://www.bls.gov/lau/","","","",126264,"Population With Current Employment"
"geoId/24021","","Frederick County","Count_Person_Employed","2020-10","BLS_LAUS","https://www.bls.gov/lau/","","","",127905,"Population With Current Employment"
"geoId/24021","","Frederick County","Count_Person_Employed","2020-11","BLS_LAUS","https://www.bls.gov/lau/","","","",126436,"Population With Current Employment"
"geoId/24021","","Frederick County","Count_Person_Employed","2020-12","BLS_LAUS","https://www.bls.gov/lau/","","","",126075,"Population With Current Employment"
"geoId/24021","","Frederick County","Count_Person_Employed","2021-01","BLS_LAUS","https://www.bls.gov/lau/","","","",125738,"Population With Current Employment"
"geoId/24021","","Frederick County","Count_Person_Employed","2021-02","BLS_LAUS","https://www.bls.gov/lau/","","","",126037,"Population With Current Employment"
"geoId/24021","","Frederick County","Count_Person_Employed","2021-03","BLS_LAUS","https://www.bls.gov/lau/","","","",127066,"Population With Current Employment"
"geoId/24021","","Frederick County","Count_Person_Employed","2021-04","BLS_LAUS","https://www.bls.gov/lau/","","","",126810,"Population With Current Employment"
"geoId/24021","","Frederick County","Count_Person_Employed","2021-05","BLS_LAUS","https://www.bls.gov/lau/","","","",126894,"Population With Current Employment"
"geoId/24021","","Frederick County","Count_Person_Employed","2021-06","BLS_LAUS","https://www.bls.gov/lau/","","","",127650,"Population With Current Employment"
"geoId/24021","","Frederick County","Count_Person_Employed","2021-07","BLS_LAUS","https://www.bls.gov/lau/","","","",129951,"Population With Current Employment"
"geoId/24021","","Frederick County","Count_Person_Employed","2021-08","BLS_LAUS","https://www.bls.gov/lau/","","","",128368,"Population With Current Employment"
"geoId/24021","","Frederick County","Count_Person_Employed","2021-09","BLS_LAUS","https://www.bls.gov/lau/","","","",128227,"Population With Current Employment"
"geoId/24021","","Frederick County","Count_Person_Employed","2021-10","BLS_LAUS","https://www.bls.gov/lau/","","","",129342,"Population With Current Employment"
"geoId/24021","","Frederick County","Count_Person_Employed","2021-11","BLS_LAUS","https://www.bls.gov/lau/","","","",129548,"Population With Current Employment"
"geoId/24021","","Frederick County","Count_Person_Employed","2021-12","BLS_LAUS","https://www.bls.gov/lau/","","","",130221,"Population With Current Employment"
"geoId/24021","","Frederick County","Count_Person_Employed","2022-01","BLS_LAUS","https://www.bls.gov/lau/","","","",129691,"Population With Current Employment"
"geoId/24021","","Frederick County","Count_Person_Employed","2022-02","BLS_LAUS","https://www.bls.gov/lau/","","","",130271,"Population With Current Employment"
"geoId/24021","","Frederick County","Count_Person_Employed","2022-03","BLS_LAUS","https://www.bls.gov/lau/","","","",131255,"Population With Current Employment"
"geoId/24021","","Frederick County","Count_Person_Employed","2022-04","BLS_LAUS","https://www.bls.gov/lau/","","","",130493,"Population With Current Employment"
"geoId/24021","","Frederick County","Count_Person_Employed","2022-05","BLS_LAUS","https://www.bls.gov/lau/","","","",130955,"Population With Current Employment"
"geoId/24021","","Frederick County","Count_Person_Employed","2022-06","BLS_LAUS","https://www.bls.gov/lau/","","","",131354,"Population With Current Employment"
"geoId/24021","","Frederick County","Count_Person_Employed","2022-07","BLS_LAUS","https://www.bls.gov/lau/","","","",133262,"Population With Current Employment"
"geoId/24021","","Frederick County","Count_Person_Employed","2022-08","BLS_LAUS","https://www.bls.gov/lau/","","","",131753,"Population With Current Employment"
"geoId/24021","","Frederick County","Count_Person_Employed","2022-09","BLS_LAUS","https://www.bls.gov/lau/","","","",131381,"Population With Current Employment"
"geoId/24021","","Frederick County","Count_Person_Employed","2022-10","BLS_LAUS","https://www.bls.gov/lau/","","","",132210,"Population With Current Employment"
"geoId/24021","","Frederick County","Count_Person_Employed","2022-11","BLS_LAUS","https://www.bls.gov/lau/","","","",131332,"Population With Current Employment"
"geoId/24021","","Frederick County","Count_Person_Employed","2022-12","BLS_LAUS","https://www.bls.gov/lau/","","","",132199,"Population With Current Employment"
"geoId/24021","","Frederick County","Count_Person_Employed","2023-01","BLS_LAUS","https://www.bls.gov/lau/","","","",132148,"Population With Current Employment"
"geoId/24021","","Frederick County","Count_Person_Employed","2023-02","BLS_LAUS","https://www.bls.gov/lau/","","","",132875,"Population With Current Employment"
"geoId/24021","","Frederick County","Count_Person_Employed","2023-03","BLS_LAUS","https://www.bls.gov/lau/","","","",134240,"Population With Current Employment"
"geoId/24021","","Frederick County","Count_Person_Employed","2023-04","BLS_LAUS","https://www.bls.gov/lau/","","","",133673,"Population With Current Employment"
"geoId/24021","","Frederick County","Count_Person_Employed","2023-05","BLS_LAUS","https://www.bls.gov/lau/","","","",133309,"Population With Current Employment"
"geoId/24021","","Frederick County","Count_Person_Employed","2023-06","BLS_LAUS","https://www.bls.gov/lau/","","","",134476,"Population With Current Employment"
"geoId/24021","","Frederick County","Count_Person_Employed","2023-07","BLS_LAUS","https://www.bls.gov/lau/","","","",136357,"Population With Current Employment"
"geoId/24021","","Frederick County","Count_Person_Employed","2023-08","BLS_LAUS","https://www.bls.gov/lau/","","","",134502,"Population With Current Employment"
"geoId/24021","","Frederick County","Count_Person_Employed","2023-09","BLS_LAUS","https://www.bls.gov/lau/","","","",134114,"Population With Current Employment"
"geoId/24021","","Frederick County","Count_Person_Employed","2023-10","BLS_LAUS","https://www.bls.gov/lau/","","","",134337,"Population With Current Employment"
"geoId/24021","","Frederick County","Count_Person_Employed","2023-11","BLS_LAUS","https://www.bls.gov/lau/","","","",134184,"Population With Current Employment"
"geoId/24021","","Frederick County","Count_Person_Employed","2023-12","BLS_LAUS","https://www.bls.gov/lau/","","","",133491,"Population With Current Employment"
"geoId/24021","","Frederick County","Count_Person_Employed","2024-01","BLS_LAUS","https://www.bls.gov/lau/","","","",132250,"Population With Current Employment"
"geoId/24021","","Frederick County","Count_Person_Employed","2024-02","BLS_LAUS","https://www.bls.gov/lau/","","","",132757,"Population With Current Employment"
"geoId/24021","","Frederick County","Count_Person_Employed","2024-03","BLS_LAUS","https://www.bls.gov/lau/","","","",134677,"Population With Current Employment"
"geoId/24021","","Frederick County","Count_Person_Employed","2024-04","BLS_LAUS","https://www.bls.gov/lau/","","","",134320,"Population With Current Employment"
"geoId/24021","","Frederick County","Count_Person_Employed","2024-05","BLS_LAUS","https://www.bls.gov/lau/","","","",133660,"Population With Current Employment"
"geoId/24021","","Frederick County","Count_Person_Employed","2024-06","BLS_LAUS","https://www.bls.gov/lau/","","","",134373,"Population With Current Employment"
"geoId/24021","","Frederick County","Count_Person_Employed","2024-07","BLS_LAUS","https://www.bls.gov/lau/","","","",136212,"Population With Current Employment"
"geoId/24021","","Frederick County","Count_Person_Employed","2024-08","BLS_LAUS","https://www.bls.gov/lau/","","","",134540,"Population With Current Employment"
"geoId/24021","","Frederick County","Count_Person_Employed","2024-09","BLS_LAUS","https://www.bls.gov/lau/","","","",135047,"Population With Current Employment"
"geoId/24021","","Frederick County","Count_Person_Employed","2024-10","BLS_LAUS","https://www.bls.gov/lau/","","","",134636,"Population With Current Employment"
"geoId/24021","","Frederick County","Count_Person_Employed","2024-11","BLS_LAUS","https://www.bls.gov/lau/","","","",133635,"Population With Current Employment"
"geoId/24021","","Frederick County","Count_Person_Employed","2024-12","BLS_LAUS","https://www.bls.gov/lau/","","","",133471,"Population With Current Employment"